Country Code,3-digit country code,Country,Statistical Authority,Link,Website Languages,Data,Microdata,Central Bank Name,Central Bank Website,GIS/Geospatial data,Trade Data,contact,Updated,Link Status,Data Status,Microdata Status,Central Bank Website Status,GIS/Geospatial data Status,Trade Data Status,Links Checked At UTC
AF,AFG,Afghanistan,-,,,,,Afghanistan Central Bank,https://www.dab.gov.af/,https://mcit.gov.af/sites/default/files/2021-06/Afghanistan%20Geospatial%20Data%20Standardisation%20policy.PDF,,,12/29/2021,NO LINK,NO LINK,NO LINK,OK,SOURCE VERIFIED,NO LINK,2026-09-30T08:24:11Z
AL,ALB,Albania,Institute of Statistics,http://www.instat.gov.al/en/home.aspx,English,,http://www.instat.gov.al/en/figures/micro-data/,Bank of Albania,https://www.bankofalbania.org/home/,https://geoportal.asig.gov.al/en?AspxAutoDetectCookieSupport=1,,info@instat.gov.al,12/29/2021,BROKEN (HTTP 404),NO LINK,OK,OK,SOURCE VERIFIED,NO LINK,2026-09-30T08:15:07+00:00
DZ,DZA,Algeria,Office National des Statistiques,https://www.ons.dz/,french,,,Banque d'Algerie,https://www.bank-of-algeria.dz/,https://bndg.asga.dz/bndg/CARTO200K_P/Default_BNDG.aspx,,ons@ons.dz  ; stat@ons.dz,12/29/2021,OK,NO LINK,NO LINK,OK,SOURCE VERIFIED,NO LINK,2026-09-30T08:20:00+00:00
AS,ASM,American Samoa,,,,,https://microdata.pacificdata.org/index.php/catalog/?collection%5B%5D=ASM&page=1,Federal Reserve Bank System of the United States,www.federalreserve.org,https://americansamoa-data.sprep.org/,,,12/29/2021,NO LINK,NO LINK,SOURCE VERIFIED,OK,SOURCE VERIFIED,NO LINK,2026-09-30T08:35:04Z
AD,AND,Andorra,Departament d´Estadística,https://www.estadistica.ad/serveiestudis/web/index.asp?lang=4,english; french; spanish; andorran,,,European Central Bank,https://www.ecb.europa.eu/home/html/index.en.html,https://www.cartografia.ad/geoportal,,,12/29/2021,BROKEN (HTTP 404),NO LINK,NO LINK,OK,SOURCE VERIFIED,NO LINK,2026-09-30T08:25:28Z
AO,AGO,Angola,Instituto Nacional de Estatística,http://www.ine-ao.com/index.html,portuguese,,https://andine.ine.gov.ao/nada/index.php/home,Banco Nacional de Angola,https://www.bna.ao/#/,,,,12/29/2021,UNVERIFIED,NO LINK,SOURCE VERIFIED,OK,NO LINK,NO LINK,2026-09-30T07:56:56+00:00
AI,AIA,Anguilla,Anguilla Statistics Department,http://statistics.gov.ai/,,,,Eastern Caribbean Central Bank,https://www.eccb-centralbank.org/,https://gis.oecs.int/,,,4/3/2022,OK,NO LINK,NO LINK,UNVERIFIED,SOURCE VERIFIED,NO LINK,2026-09-30T08:15:07+00:00
AQ,ATA,Antarctica,,,,,,,,https://www.bas.ac.uk/project/add/,,,12/29/2021,NO LINK,NO LINK,NO LINK,NO LINK,SOURCE VERIFIED,NO LINK,2026-09-30T08:25:28Z
AG,ATG,Antigua and Barbuda,"Statistics Division, Ministry of Finance and Corporate Governance",https://statistics.gov.ag/,,,,Eastern Caribbean Central Bank,https://www.eccb-centralbank.org/,https://gis.oecs.int/,,,12/29/2021,OK,NO LINK,NO LINK,UNVERIFIED,SOURCE VERIFIED,NO LINK,2026-09-30T08:15:07+00:00
AR,ARG,Argentina,National Institute of Statistics and Census of Argentina,https://www.indec.gob.ar/,spanish; english,,,Banco Central de la República de Argentina,http://www.bcra.gov.ar/,https://geoportal.ign.gob.ar/,,,12/29/2021,OK,NO LINK,NO LINK,REVIEW,SOURCE VERIFIED,NO LINK,2026-09-30T08:17:13+00:00
AM,ARM,Armenia,Statistical Committee of the Republic of Armenia,https://www.armstat.am/en/,english; russian; armenian,,https://www.armstat.am/en/?nid=15,The Central Bank of Armenia,https://www.cba.am/EN/SitePages/lalaws.aspx,https://geoportal.am/map_geoportal,,,12/29/2021,OK,NO LINK,OK,REVIEW,SOURCE VERIFIED,NO LINK,2026-09-30T08:17:13+00:00
AW,ABW,Aruba,Central Bureau of Statistics,https://cbs.aw/wp/,"english, dutch",,,Centrale Bank van Aruba,https://www.cbaruba.org/,https://aruba.climateimpactatlas.com/en/,,,12/29/2021,UNVERIFIED,NO LINK,NO LINK,OK,SOURCE VERIFIED,NO LINK,2026-09-30T08:26:15Z
AU,AUS,Australia,Australian Bureau of Statistics,https://www.abs.gov.au/,english,,https://www.abs.gov.au/statistics/microdata-tablebuilder,Reserve Bank of Australia,https://www.rba.gov.au/,https://www.nationalmap.gov.au/,,,12/29/2021,OK,NO LINK,OK,OK,SOURCE VERIFIED,NO LINK,2026-09-30T08:17:13+00:00
AT,AUT,Austria,Statistik Austria,https://www.statistik.at/web_en/statistics/index.html,english; german,,,Osterreichische NationalBank,https://www.oenb.at/en/,https://www.data.gv.at/,,,12/29/2021,OK,NO LINK,NO LINK,OK,SOURCE VERIFIED,NO LINK,2026-09-30T08:17:13+00:00
AZ,AZE,Azerbaijan,The State Statistical Committee of the Republic of Azerbaijan,https://www.stat.gov.az/?lang=en,azerbaijani; english,https://www.azstat.org/portal/,,Azərbaycan Respublikası Mərkəzi Bankı,https://www.cbar.az/home?language=en,https://opendata.az/en/search?category=%5B%22cartography%22%5D,,,12/29/2021,OK,OK,NO LINK,OK,SOURCE VERIFIED,NO LINK,2026-09-30T08:23:50Z
BS,BHS,Bahamas,Bahamas National Statistical Institute,https://stats.gov.bs/,,,,Central Bank of the Bahamas,https://www.centralbankbahamas.com/,https://www.govnet.bs/wps/portal/public/bngis/bngis/home/,,,12/29/2021,OK,NO LINK,NO LINK,OK,SOURCE VERIFIED,NO LINK,2026-09-30T08:19:16+00:00
BH,BHR,Bahrain,Information &eGovernment Authority,https://www.iga.gov.bh/en/category/statistics-and-population,,,,Central Bank of Bahrain,https://www.cbb.gov.bh/,https://www.data.gov.bh/,,,12/29/2021,OK,NO LINK,NO LINK,OK,SOURCE VERIFIED,NO LINK,2026-09-30T08:17:13+00:00
BD,BGD,Bangladesh,Bangladesh Bureau of Statistics,http://www.bbs.gov.bd/,bengali; english,,,Bangladesh Bank,https://www.bb.org.bd/en/index.php,https://new.nsdi.gov.bd/,,,12/29/2021,OK,NO LINK,NO LINK,OK,SOURCE VERIFIED,NO LINK,2026-09-30T08:17:13+00:00
BB,BRB,Barbados,Barbados Statistical Service,https://stats.gov.bb/,english,,,Central Bank of Barbados,http://www.centralbank.org.bb/,https://www.landsandsurveys.gov.bb/pages/MapProducts.html,,,12/29/2021,OK,NO LINK,NO LINK,OK,SOURCE VERIFIED,NO LINK,2026-09-30T08:25:45Z
BY,BLR,Belarus,National Statistical Committee of the Republic of Belarus,https://www.belstat.gov.by/en/,english;russian,,,National Bank of the Republic of Belarus,https://www.nbrb.by/engl,https://gismap.by/,,,12/29/2021,OK,NO LINK,NO LINK,UNVERIFIED,SOURCE VERIFIED,NO LINK,2026-09-30T08:23:50Z
BE,BEL,Belgium,STATBEL,https://statbel.fgov.be/en,Dutch; french; german; english,https://statbel.fgov.be/en/open-data,,Banque Nationale de Belgique,https://www.nbb.be/fr,https://www.geo.be/,,,12/29/2021,OK,OK,NO LINK,OK,SOURCE VERIFIED,NO LINK,2026-09-30T08:21:30Z
BZ,BLZ,Belize,Statistical Institute of Belize,http://sib.org.bz/,english,,,Central Bank of Belize,https://www.centralbank.org.bz/,https://portal.bnsdi.gov.bz/,,,12/29/2021,OK,NO LINK,NO LINK,OK,SOURCE VERIFIED,NO LINK,2026-09-30T08:17:13+00:00
BJ,BEN,Benin,L’Institut National de la Statistique et de la Démographie,https://insae.bj/,,https://insae.bj/statistiques/enquetes-et-recensements,,Banque Centrale des Etats de l’Afrique de l’Ouest,https://www.bceao.int/fr/etats-membres/benin,https://www.abe.bj/geoportail/,,,12/29/2021,UNVERIFIED,BROKEN (HTTP 404),NO LINK,OK,SOURCE VERIFIED,NO LINK,2026-09-30T08:20:00+00:00
BM,BMU,Bermuda,Department of Statistics,https://www.gov.bm/department/statistics,english,http://sib.org.bz/data-portals/,http://sib.org.bz/data-portals/microdata/,Bermuda Monetary Authority,https://www.bma.bm/,https://www3.gov.bm/climatechange,,,12/29/2021,OK,OK,OK,OK,SOURCE VERIFIED,NO LINK,2026-09-30T08:32:59Z
BT,BTN,Bhutan,National Statistics Bureau,https://www.nsb.gov.bt/,english,,,Royal Monetary Authority of Bhutan,https://www.rma.org.bt/,https://nsdi.systems.gov.bt/,,,12/29/2021,UNVERIFIED,NO LINK,NO LINK,OK,SOURCE VERIFIED,NO LINK,2026-09-30T08:15:07+00:00
BO,BOL,Bolivia,instituto Nacional de Estatística,https://www.ine.gob.bo/,spanish,,https://anda.ine.gob.bo/index.php/home,Central Bank of Bolivia,https://www.bcb.gob.bo/,https://geobolivia.planificacion.gob.bo/,,,12/29/2021,OK,NO LINK,SOURCE VERIFIED,OK,SOURCE VERIFIED,NO LINK,2026-09-30T08:17:13+00:00
BA,BIH,Bosnia and Herzegovina,Agency for Statistics of Bosnia and Herzegovina,https://bhas.gov.ba/?lang=en,english; serbian; croatian,,,Central Bank of Bosnia and Herzegovina,https://www.cbbh.ba/?lang=en,https://ippfbih.gov.ba/web-viewer/,,,12/29/2021,OK,NO LINK,NO LINK,OK,SOURCE VERIFIED,NO LINK,2026-09-30T08:25:07Z
BW,BWA,Botswana,Statistics Botswana,https://www.statsbots.org.bw/,,,http://botswana.microdatahub.com/index.php/catalog,Bank of Botswana,https://www.bankofbotswana.bw/,https://geos.bgi.org.bw/GDP/Search/,,,12/29/2021,OK,NO LINK,REVIEW,OK,SOURCE VERIFIED,NO LINK,2026-09-30T08:21:30Z
BR,BRA,Brazil,Instituto Brasileiro de Geografia e Estatística,https://www.ibge.gov.br/en/home-eng.html,,,https://www.ibge.gov.br/en/statistics/full-list-statistics.html,Central Bank of Brazil,https://www.bcb.gov.br/en,https://visualizador.inde.gov.br/,,,12/29/2021,OK,NO LINK,UNVERIFIED,OK,SOURCE VERIFIED,NO LINK,2026-09-30T08:17:13+00:00
IO,IOT,British Indian Ocean Territory,-,https://biot.gov.io/,,,,Bank of England,https://www.bankofengland.co.uk/,,,,12/29/2021,OK,NO LINK,NO LINK,OK,NO LINK,NO LINK,2026-09-30T07:31:00+00:00
VG,VGB,British Virgin Islands,Central Statistics Office,http://www.bvi.gov.vg/departments/central-statistics-office-0,,,,British Virgin Islands Financial Services Commission,https://www.bvifsc.vg/,https://gis.oecs.int/,,,12/29/2021,BROKEN (HTTP 404),NO LINK,NO LINK,UNVERIFIED,SOURCE VERIFIED,NO LINK,2026-09-30T08:15:07+00:00
BN,BRN,Brunei,Department of Economic Planning and Statistics,http://www.deps.gov.bn/SitePages/National%20Statistics.aspx,,,,Brunei Darussalam Central Bank,https://www.bdcb.gov.bn/home.aspx,https://geoportal.survey.gov.bn/map,,,12/29/2021,BROKEN (HTTP 404),NO LINK,NO LINK,BROKEN (HTTP 404),SOURCE VERIFIED,NO LINK,2026-09-30T08:21:30Z
BG,BGR,Bulgaria,National Statistical Institute,https://www.nsi.bg/en,,,,Bulgaria National Bank,https://www.bnb.bg/,https://inspire.egov.bg/en,,,12/29/2021,OK,NO LINK,NO LINK,OK,SOURCE VERIFIED,NO LINK,2026-09-30T08:17:13+00:00
BF,BFA,Burkina Faso,National Institute of Statistics and Demography,https://www.insd.bf/,french,,https://microdata.insd.bf/index.php/home,Banque Centrale des Etats de l’Afrique de l’Ouest,https://www.bceao.int/fr/etats-membres/benin,https://www.igb.bf/bases-de-donnees-spatiales/,,,12/29/2021,OK,NO LINK,SOURCE VERIFIED,OK,SOURCE VERIFIED,NO LINK,2026-09-30T08:31:10Z
BI,BDI,Burundi,Burundi Institute of Statistics and Economic Studies,https://www.isteebu.bi/,french,,https://insbu.bi/nada/index.php/catalog/?page=1,Banque de la Republique du Burundi,https://www.brb.bi/,https://sp-bcg.gov.bi/,,,12/29/2021,OK,NO LINK,SOURCE VERIFIED,OK,SOURCE VERIFIED,NO LINK,2026-09-30T08:20:00+00:00
KH,KHM,Cambodia,National Institute of Statistics,https://www.nis.gov.kh/index.php/km/,Khmer;english,,http://nada.nis.gov.kh/index.php/home,National Bank of Cambodia,https://www.nbc.org.kh/english/,https://data.mef.gov.kh/datasets/pd_68e370856a965e00074a5e7b,,,12/29/2021,BROKEN (HTTP 404),NO LINK,SOURCE VERIFIED,UNVERIFIED,SOURCE VERIFIED,NO LINK,2026-09-30T08:31:10Z
CM,CMR,Cameroon,National Institute of Statistics,https://ins-cameroun.cm/en/welcome/,french;english,,https://nada.stat.cm/index.php/home,Banque des Etats de l’Afrique Centrale,https://www.beac.int/,https://feicom.cm/geoportail/,,,12/29/2021,OK,NO LINK,SOURCE VERIFIED,OK,SOURCE VERIFIED,NO LINK,2026-09-30T08:20:00+00:00
CA,CAN,Canada,Statistics Canada,https://www.statcan.gc.ca/en/start,"Eng, Fr",,https://www.statcan.gc.ca/en/microdata,Banque du Canada,https://www.banqueducanada.ca/,https://geo.ca/home/,,,12/29/2021,OK,NO LINK,SOURCE VERIFIED,OK,SOURCE VERIFIED,NO LINK,2026-09-30T08:17:13+00:00
CV,CPV,Cape Verde,instituto Nacional de Estatística,https://ine.cv/en/,"Pt, Eng, Fr",,https://www.ine.cv/dircv/index.php,Banco de Cabo Verde,https://www.bcv.cv/pt/Paginas/Homepage.aspx,https://arcgis.gov.cv/geoportal,,,12/29/2021,OK,NO LINK,SOURCE VERIFIED,OK,SOURCE VERIFIED,NO LINK,2026-09-30T08:17:13+00:00
KY,CYM,Cayman Islands,Economics And Statistics Office,https://www.eso.ky/#2,Eng,,,Cayman Islands Monetary Authority,https://www.cima.ky/,https://www.caymanlandinfo.ky/,,,12/29/2021,OK,NO LINK,NO LINK,OK,SOURCE VERIFIED,NO LINK,2026-09-30T08:26:15Z
CF,CAF,Central African Republic,"
Institut Centrafricain des Statistiques, des Etudes Economiques et Sociales",https://icasees.org/,Fr,,,BANQUE DES ETATS DE L’AFRIQUE CENTRALE,https://www.beac.int/pays/centrafrique/,https://salb.un.org/en/data/caf,,,12/29/2021,OK,NO LINK,NO LINK,OK,SOURCE VERIFIED,NO LINK,2026-09-30T08:31:10Z
TD,TCD,Chad,"Institut National de la Statistique, des Etudes Economiques et Démographiques",https://www.inseed.td/,Fr,,https://chad.opendataforafrica.org/,Banque des Etats de l’Afrique Centrale,https://www.beac.int/,https://www.cdig.td/,,,12/29/2021,OK,NO LINK,OK,OK,SOURCE VERIFIED,NO LINK,2026-09-30T08:28:16Z
CL,CHL,Chile,instituto Nacional de Estatística,https://www.ine.cl/,,,http://bancodatosene.ine.cl/,Banco Central de Chile,https://www.bcentral.cl/,https://www.ine.cl/herramientas/portal-de-mapas,,,12/29/2021,REVIEW,NO LINK,OK,OK,REVIEW,NO LINK,2026-09-30T07:31:22+00:00
CN,CHN,China,National Bureau of Statistics of China,http://www.stats.gov.cn/english/,,,,People's Bank of China,http://www.pbc.gov.cn/en/3688006/index.html,https://www.sgic.net.cn/,,,12/29/2021,UNVERIFIED,NO LINK,NO LINK,UNVERIFIED,SOURCE VERIFIED,NO LINK,2026-09-30T08:17:13+00:00
CX,CXR,Christmas Island,Australian Bureau of Statistics,https://www.infrastructure.gov.au/territories-regions-cities/territories/indian-ocean-territories/christmas-island/census-data,,,,-,-,https://researchdata.edu.au/christmas-island-gis-2013-release/1273030,,,12/29/2021,UNVERIFIED,NO LINK,NO LINK,NO LINK,SOURCE VERIFIED,NO LINK,2026-09-30T08:32:59Z
CC,CCK,Cocos Islands,Australian Bureau of Statistics,https://www.infrastructure.gov.au/territories-regions-cities/territories/indian-ocean-territories/cocos-keeling-islands/census-data,,,,-,-,https://data.gov.au/data/dataset/cocos-island-dem-2011,,,12/29/2021,UNVERIFIED,NO LINK,NO LINK,NO LINK,SOURCE VERIFIED,NO LINK,2026-09-30T08:32:59Z
CO,COL,Colombia,National Administrative Department for Statistics,https://www.dane.gov.co/index.php,,,,Banco de la Republica,https://www.banrep.gov.co/en,https://www.igac.gov.co/datos-abiertos,,,12/29/2021,OK,NO LINK,NO LINK,REVIEW,SOURCE VERIFIED,NO LINK,2026-09-30T08:19:16+00:00
KM,COM,Comoros,"Institut National de la Statistique, des Etudes Economiques et Démographiques",http://www.inseed.km/,,,,Central Bank of the Comoros,http://www.banque-comores.km/,https://comoros.opendataforafrica.org/,,,12/29/2021,OK,NO LINK,NO LINK,OK,SOURCE VERIFIED,NO LINK,2026-09-30T08:26:15Z
CK,COK,Cook Islands,,,,,https://microdata.pacificdata.org/index.php/catalog/?collection%5B%5D=COK&page=1,,,https://cookgeo.gov.ck/,,,12/29/2021,NO LINK,NO LINK,SOURCE VERIFIED,NO LINK,SOURCE VERIFIED,NO LINK,2026-09-30T08:17:13+00:00
CR,CRI,Costa Rica,instituto Nacional de Estatística y Censos,https://www.inec.cr/,,,,Banco Central de Costa Rica,https://www.bccr.fi.cr/SitePages/Inicio.aspx,https://www.snitcr.go.cr/,,,12/29/2021,UNVERIFIED,NO LINK,NO LINK,BROKEN (HTTP 404),SOURCE VERIFIED,NO LINK,2026-09-30T08:19:16+00:00
HR,HRV,Croatia,Croatian Bureau of Statistics,https://www.dzs.hr/,croatian; english,https://www.dzs.hr/default_e.htm,,Croatian National Bank,https://www.hnb.hr/en/,https://geoportal.dgu.hr/,,,12/29/2021,REVIEW,REVIEW,NO LINK,OK,SOURCE VERIFIED,NO LINK,2026-09-30T08:18:11+00:00
CU,CUB,Cuba,officina Nacional de Estatística e informacion,http://www.onei.gob.cu/,,,,Banco Central de Cuba,https://www.bc.gob.cu/,http://www.iderc.co.cu/,,,12/29/2021,OK,NO LINK,NO LINK,OK,SOURCE VERIFIED,NO LINK,2026-09-30T08:32:59Z
CW,CUW,Curacao,Central Bureau of Statistics,https://www.cbs.cw/,,,,Central Bank of Curaçao and Sint Maarten,https://www.centralbank.cw/,https://www.dcbd.nl/,,,12/29/2021,OK,NO LINK,NO LINK,UNVERIFIED,SOURCE VERIFIED,NO LINK,2026-09-30T08:26:15Z
CY,CYP,Cyprus,Statistical Service,https://www.cystat.gov.cy/el/default?OpenDocument,,,,Central Bank of Cyprus,https://www.centralbank.cy/,https://www.geoportal.gov.cy/MOI/DLS/geoportal/geoportal.nsf/index_en/index_en?OpenDocument=&print=,,,12/29/2021,OK,NO LINK,NO LINK,OK,SOURCE VERIFIED,NO LINK,2026-09-30T08:18:11+00:00
CZ,CZE,Czech Republic,Czech Statistical Office,https://www.czso.cz/,Czech; english,https://vdb.czso.cz/vdbvo2/faces/en/index.jsf,,Czech National Bank,https://www.cnb.cz/en/,https://geoportal.gov.cz/,,,12/29/2021,REVIEW,UNVERIFIED,NO LINK,OK,SOURCE VERIFIED,NO LINK,2026-09-30T08:18:11+00:00
CD,COD,Democratic Republic of the Congo,Institut National de la Statistique,https://www.ins.cd/,english,,https://ins.gouv.cd/archivage,Banque Central du Congo,http://www.bcc.cd/,https://anat.gouv.cd/services,,,12/29/2021,UNVERIFIED,NO LINK,SOURCE VERIFIED,OK,SOURCE VERIFIED,NO LINK,2026-09-30T08:32:59Z
DK,DNK,Denmark,Statistics Denmark,https://www.dst.dk/en,,,,Denmarks Nationalbank,https://www.nationalbanken.dk/en/Pages/Default.aspx,https://geodata-info.dk/,,,12/29/2021,OK,NO LINK,NO LINK,OK,SOURCE VERIFIED,NO LINK,2026-09-30T08:18:11+00:00
DJ,DJI,Djibouti,Direction de la Statistique et des Etudes Démographiques,http://www.ministere-finances.dj/le_ministere_organstat.html,,,,Banque Centrale de Djibouti,https://banque-centrale.dj/,https://geonode.igad.int/,,,12/29/2021,OK,NO LINK,NO LINK,OK,SOURCE VERIFIED,NO LINK,2026-09-30T08:26:15Z
DM,DMA,Dominica,Central Statistical Office,https://stats.gov.dm/,,,,Eastern Caribbean Central Bank,https://www.eccb-centralbank.org/p/commonwealth-of-dominica,https://gis.oecs.int/,,,12/29/2021,OK,NO LINK,NO LINK,UNVERIFIED,SOURCE VERIFIED,NO LINK,2026-09-30T08:15:07+00:00
DO,DOM,Dominican Republic,Oficia Nacional De Estadistica,https://www.one.gob.do/,"Spanish, English",https://www.one.gob.do/datos-y-estadisticas/,https://anda.one.gob.do/index.php/catalog,Banco Central de la Republica Dominica,https://www.bancentral.gov.do/,https://iderd.gob.do/,,,12/29/2021,UNVERIFIED,UNVERIFIED,SOURCE VERIFIED,OK,SOURCE VERIFIED,NO LINK,2026-09-30T08:19:16+00:00
TL,TLS,East Timor,Statistics Timor–Leste,https://www.statistics.gov.tl/,English,,,Banco Central de Timor-Leste,https://www.bancocentral.tl/en,https://www.mj.gov.tl/?q=node%2F1480,,,12/29/2021,UNVERIFIED,NO LINK,NO LINK,OK,SOURCE VERIFIED,NO LINK,2026-09-30T08:31:10Z
EC,ECU,Ecuador,Instituto Nacional De Estadistica y censos,https://www.ecuadorencifras.gob.ec/institucional/home/,Spanish,,https://anda.inec.gob.ec/anda5/index.php/catalog,Banco Central del Ecuador,https://www.bce.fin.ec/en/,https://www.iedg.gob.ec/servicios/visorgeografico/,,,12/29/2021,OK,NO LINK,SOURCE VERIFIED,OK,SOURCE VERIFIED,NO LINK,2026-09-30T08:19:16+00:00
EG,EGY,Egypt,Central Agency for Public Mobilization and Statistics,https://www.capmas.gov.eg/,english; arabic,,https://censusinfo.capmas.gov.eg/en/index.php/catalog,Central Bank of Egypt,https://www.cbe.org.eg/en/Pages/default.aspx,https://geoportal.mwri.gov.eg/portal/home/,,,12/29/2021,OK,NO LINK,SOURCE VERIFIED,OK,SOURCE VERIFIED,NO LINK,2026-09-30T08:23:50Z
SV,SLV,El Salvador,Dirección  General de Estadística y Censos,http://www.digestyc.gob.sv/,,,,Banco Central del El Salvador,https://www.bcr.gob.sv/,https://simacc.ambiente.gob.sv/,,,12/29/2021,UNVERIFIED,NO LINK,NO LINK,OK,SOURCE VERIFIED,NO LINK,2026-09-30T08:31:10Z
GQ,GNQ,Equatorial Guinea,-,,,,,National Bank of Equitorial Guinea,http://www.bannge.com/en/,,,,12/29/2021,NO LINK,NO LINK,NO LINK,OK,NO LINK,NO LINK,2026-09-30T07:30:42+00:00
ER,ERI,Eritrea,-,,,,,Bank of Eritrea,http://www.boe.gov.er/,,,,12/29/2021,NO LINK,NO LINK,NO LINK,UNVERIFIED,NO LINK,NO LINK,2026-09-30T07:31:26+00:00
EE,EST,Estonia,Statistics Estonia,https://www.stat.ee/,english,,,Bank of Estonia,https://www.eestipank.ee/,https://geoportaal.ee/eng/,,,12/29/2021,OK,NO LINK,NO LINK,OK,SOURCE VERIFIED,NO LINK,2026-09-30T08:17:13+00:00
ET,ETH,Ethiopia,Stats Ethiopia,https://www.statsethiopia.gov.et/,english,,,National Bank of Ethiopia,https://nbe.gov.et/,https://www.ethionsdi.gov.et/,,,12/29/2021,UNVERIFIED,NO LINK,NO LINK,OK,SOURCE VERIFIED,NO LINK,2026-09-30T08:17:13+00:00
FK,FLK,Falkland Islands,-,-,,,,Bank of England,https://www.bankofengland.co.uk/,https://www.gov.fk/mineralresources/regulatory/data-management/,,,12/29/2021,NO LINK,NO LINK,NO LINK,OK,SOURCE VERIFIED,NO LINK,2026-09-30T08:35:04Z
FO,FRO,Faroe Islands,Statistics Faroe Islands,https://hagstova.fo/en,english,,,Denmarks Nationalbank,https://www.nationalbanken.dk/en/Pages/Default.aspx,https://www.foroyakort.fo/um-foeroyakort/english,,,12/29/2021,OK,NO LINK,NO LINK,OK,SOURCE VERIFIED,NO LINK,2026-09-30T08:32:59Z
FJ,FJI,Fiji,Fiji Bureau of Statistics,https://www.statsfiji.gov.fj/,english,,https://microdata.pacificdata.org/index.php/catalog/?collection%5B%5D=FJI&page=1,Reserve Bank of Fiji,https://www.rbf.gov.fj/,https://pacific-data.sprep.org/,,,12/29/2021,OK,NO LINK,SOURCE VERIFIED,OK,SOURCE VERIFIED,NO LINK,2026-09-30T08:19:16+00:00
FI,FIN,Finland,Statistics Finland,https://www.tilastokeskus.fi/index_en.html,english,,,Bank of Finland,https://www.suomenpankki.fi/en/,https://kartta.paikkatietoikkuna.fi/,,,12/29/2021,REVIEW,NO LINK,NO LINK,OK,SOURCE VERIFIED,NO LINK,2026-09-30T08:17:13+00:00
FR,FRA,France,Institut National De La Statistique et des etudes economiques (INSEE),https://www.insee.fr/en/accueil,english,,,Banque de France,https://www.banque-france.fr/en,https://www.geoportail.gouv.fr/,,,12/29/2021,UNVERIFIED,NO LINK,NO LINK,OK,SOURCE VERIFIED,NO LINK,2026-09-30T08:17:13+00:00
PF,PYF,French Polynesia,,https://www.isee.nc/,,,https://microdata.pacificdata.org/index.php/catalog/?collection%5B%5D=PYF&page=1,Institut d’émission d’Outre-Mer,https://www.ieom.fr/ieom/,https://www.geoportail.gouv.fr/entite/polynesie,,,12/29/2021,OK,NO LINK,SOURCE VERIFIED,OK,SOURCE VERIFIED,NO LINK,2026-09-30T08:23:50Z
GA,GAB,Gabon,Direction Générale de la Statistique et des Etudes Economiques (DGSEE),https://statgabon.ga/,,,,BANQUE DES ETATS DE L’AFRIQUE CENTRALE,https://www.beac.int/,https://ageos.ga/,,,12/29/2021,UNVERIFIED,NO LINK,NO LINK,OK,SOURCE VERIFIED,NO LINK,2026-09-30T08:31:10Z
GM,GMB,Gambia,Gambia Bureau of Statistics,https://www.gbosdata.org/,,,https://microdata.gbosdata.org/index.php/home,Central Bank of the Gambia,https://www.cbg.gm/,https://gambiageoportal.gmportals.org/,,,12/29/2021,OK,NO LINK,SOURCE VERIFIED,OK,SOURCE VERIFIED,NO LINK,2026-09-30T08:26:41Z
GE,GEO,Georgia,national statistical office of georgia,https://www.geostat.ge/index.php/ka,english,,,National Bank of Georgia,https://nbg.gov.ge/en,https://nsdi.gov.ge/en/,,,12/29/2021,OK,NO LINK,NO LINK,OK,SOURCE VERIFIED,NO LINK,2026-09-30T08:15:07+00:00
DE,DEU,Germany,Federal Statistical Office,https://www.destatis.de/EN/Home/_node.html,,,,Deutche Bundesbank,https://www.bundesbank.de/de/,https://www.geoportal.de/,,,12/29/2021,UNVERIFIED,NO LINK,NO LINK,UNVERIFIED,SOURCE VERIFIED,NO LINK,2026-09-30T08:17:13+00:00
GH,GHA,Ghana,Ghana Statistical Service,http://www.statsghana.gov.gh/,,,https://www.microdata.statsghana.gov.gh/index.php/home,Bank of Ghana,https://www.bog.gov.gh/,https://data.gov.gh/search?page=0%2C1&q=search&query=shapefiles+&sort_by=changed,,,12/29/2021,OK,NO LINK,SOURCE VERIFIED,UNVERIFIED,SOURCE VERIFIED,NO LINK,2026-09-30T08:22:22Z
GI,GIB,Gibraltar,Statistics Office,https://www.gibraltar.gov.gi/statistics,,,,Gibraltar Financial Services Commission,https://www.fsc.gi/,https://www.geoportal.gov.gi/index.php,,,12/29/2021,OK,NO LINK,NO LINK,UNVERIFIED,SOURCE VERIFIED,NO LINK,2026-09-30T08:17:13+00:00
GR,GRC,Greece,Hellenic Statistical Authority,https://www.statistics.gr/,,,,Bank of Greece,https://www.bankofgreece.gr/,https://www.gov.gr/en/org/ktimanet/ktematographese/geopule-geokhorikon-dedomenon-inspire-ellenikou-ktematologiou,,,12/29/2021,OK,NO LINK,NO LINK,UNVERIFIED,SOURCE VERIFIED,NO LINK,2026-09-30T08:17:13+00:00
GL,GRL,Greenland,Statistics Greenland,https://stat.gl/,english,,,Danmarks Nationalbank,https://www.nationalbanken.dk/en/Pages/Default.aspx,https://nunagis.gl/en/,,,12/29/2021,OK,NO LINK,NO LINK,OK,SOURCE VERIFIED,NO LINK,2026-09-30T08:17:13+00:00
GD,GRD,Grenada,Central Statistics Office,https://www.finance.gd/index.php/central-statistics-office,,,,Eastern Caribbean Central Bank,https://www.eccb-centralbank.org/p/grenada,https://gis.oecs.int/,,,12/29/2021,BROKEN (HTTP 404),NO LINK,NO LINK,UNVERIFIED,SOURCE VERIFIED,NO LINK,2026-09-30T08:15:07+00:00
GU,GUM,Guam,Bureau of Statistics and Plans,https://bsp.guam.gov/,,,https://microdata.pacificdata.org/index.php/catalog/?collection%5B%5D=GUM&page=1,Federal Reserve Bank of the United States,https://www.federalreserve.gov/,https://bsp.guam.gov/gis/,,,12/29/2021,OK,NO LINK,SOURCE VERIFIED,OK,SOURCE VERIFIED,NO LINK,2026-09-30T08:17:13+00:00
GT,GTM,Guatemala,Instituto Nacional de Estadística,https://www.ine.gob.gt/ine/,,,,Banco de Guatemala,http://www.banguat.gob.gt/en/,https://geoportal.ine.gob.gt/,,,12/29/2021,REVIEW,NO LINK,NO LINK,OK,SOURCE VERIFIED,NO LINK,2026-09-30T08:17:13+00:00
GG,GGY,Guernsey,,https://www.gov.gg/data,,,https://www.gov.gg/data#selectednavItem154881,,,https://maps.digimap.gg/,,,12/29/2021,OK,NO LINK,OK,NO LINK,SOURCE VERIFIED,NO LINK,2026-09-30T08:35:04Z
GN,GIN,Guinea,Institut national de la statistique,https://www.stat-guinee.org/,french,,https://microdata.insguinee.org/index.php/home,Banque Centrale de la République de Guinée,https://www.bcrg-guinee.org/,https://cadastre.mines.gov.gn/arcgis/rest/services,,,12/29/2021,OK,NO LINK,SOURCE VERIFIED,OK,SOURCE VERIFIED,NO LINK,2026-09-30T08:26:41Z
GW,GNB,Guinea-Bissau,Instituto Nacional de Estatistica,https://www.stat-guinebissau.com/,,,,Central Bank of West African States,http://www.bceao.int/,https://salb.un.org/en/data/gnb,,,12/29/2021,OK,NO LINK,NO LINK,REVIEW,SOURCE VERIFIED,NO LINK,2026-09-30T08:35:25Z
GY,GUY,Guyana,Bureau of Statistics,http://www.statisticsguyana.gov.gy/,,,,Bank of Guyana,https://bankofguyana.org.gy/bog/,https://geoportal.gov.gy/,,,12/29/2021,OK,NO LINK,NO LINK,OK,SOURCE VERIFIED,NO LINK,2026-09-30T08:17:13+00:00
HT,HTI,Haiti,Institut Haïtien de Statistique et d'Informatique,https://ihsi.ayiti.digital/,,,,Banque de la République d'Haïti,https://www.brh.ht/,https://cnigs.ht/,,,12/29/2021,UNVERIFIED,NO LINK,NO LINK,OK,SOURCE VERIFIED,NO LINK,2026-09-30T08:27:50Z
HN,HND,Honduras,Instituto Nacional de Estadística,https://www.ine.gob.hn/V3/,,https://www.ine.gob.hn/V3/baseine/,,Banco Central de Honduras,https://www.bch.hn/,https://sinit.hn/,,,12/29/2021,BROKEN (HTTP 404),BROKEN (HTTP 404),NO LINK,OK,SOURCE VERIFIED,NO LINK,2026-09-30T08:19:16+00:00
HK,HKG,Hong Kong,Census and Statistics Department,https://www.censtatd.gov.hk/en/,,,,Hong Kong Monetary Authority,https://www.hkma.gov.hk/eng,https://portal.csdi.gov.hk/,,,1/11/2022,OK,NO LINK,NO LINK,OK,SOURCE VERIFIED,NO LINK,2026-09-30T08:17:13+00:00
HU,HUN,Hungary,Hungarian Central Statistical Office,https://www.ksh.hu/?lang=en,,,,Magyar Nemzeti Bank,https://www.mnb.hu/web/en,https://inspire.gov.hu/,,,1/11/2022,UNVERIFIED,NO LINK,NO LINK,UNVERIFIED,SOURCE VERIFIED,NO LINK,2026-09-30T08:25:07Z
IS,ISL,Iceland,statistics Iceland,https://www.statice.is/,,,,Central Bank of Iceland,https://www.cb.is/,https://gatt.lmi.is/geonetwork/srv/search,,,1/11/2022,OK,NO LINK,NO LINK,OK,SOURCE VERIFIED,NO LINK,2026-09-30T08:18:11+00:00
IN,IND,India,Ministry of Statistics & Programme Implementation,https://www.mospi.gov.in/,Englishn & Hindi,,https://microdata.gov.in/NADA/index.php/home,Reserve Bank of India,https://www.rbi.org.in/,https://www.nsdi.gov.in/,,,4/2/2022,OK,NO LINK,SOURCE VERIFIED,OK,SOURCE VERIFIED,NO LINK,2026-09-30T08:15:07+00:00
ID,IDN,Indonesia,Statistics Indonesia,https://www.bps.go.id/,,,https://repository.bps.go.id/mikrodata/index.php/catalog,Bank Indonesia,https://www.bi.go.id/id/default.aspx,https://tanahair.indonesia.go.id/portal-web/,,,1/30/2022,UNVERIFIED,NO LINK,SOURCE VERIFIED,OK,SOURCE VERIFIED,NO LINK,2026-09-30T08:18:11+00:00
IR,IRN,Iran,Statistical Center of Iran,https://www.amar.org.ir/english,,,,Central Bank of the Islamic Republic of Iran,https://www.cbi.ir/default_en.aspx,https://iransdi.ncc.gov.ir/en,,,1/30/2022,UNVERIFIED,NO LINK,NO LINK,OK,SOURCE VERIFIED,NO LINK,2026-09-30T08:36:09Z
IQ,IRQ,Iraq,Central Statistical Organization,http://cosit.gov.iq/en/,,,,Central Bank of Iraq,https://cbiraq.org/,https://igp.ur.gov.iq/,,,1/30/2022,BROKEN (HTTP 404),NO LINK,NO LINK,UNVERIFIED,SOURCE VERIFIED,NO LINK,2026-09-30T08:32:59Z
IE,IRL,Ireland,Central Statistics Office,https://www.cso.ie/en/index.html,,,,Central Bank of Ireland,https://www.centralbank.ie/,https://gis.epa.ie/Home,,,1/30/2022,OK,NO LINK,NO LINK,OK,SOURCE VERIFIED,NO LINK,2026-09-30T08:18:11+00:00
IM,IMN,Isle of Man,Economic Affairs Division,https://www.gov.im/about-the-government/departments/cabinet-office/economic-affairs-division/,,,,,,https://www.gov.im/about-the-government/departments/infrastructure/mapping/,,,12/29/2021,OK,NO LINK,NO LINK,NO LINK,SOURCE VERIFIED,NO LINK,2026-09-30T08:35:04Z
IL,ISR,Israel,Central Bureau of Statistics,https://www.cbs.gov.il/en/Pages/default.aspx,,,,Bank of Israel,https://www.boi.org.il/en/Pages/Default.aspx,https://data.gov.il/he/datasets/ministry_of_agriculture/gis,,,1/30/2022,OK,NO LINK,NO LINK,BROKEN (HTTP 404),SOURCE VERIFIED,NO LINK,2026-09-30T08:23:50Z
IT,ITA,Italy,National Institute of Statistics,https://www.istat.it/en/,,,,Bank of Italy,"https://www.bancaditalia.it/chi-siamo/?com.dotmarketing.htmlpage.language=1#:~:text=The%20Bank%20of%20Italy%20is,and%20the%20European%20Central%20Bank.",https://geodati.gov.it/geoportale/,,,1/30/2022,OK,NO LINK,NO LINK,OK,SOURCE VERIFIED,NO LINK,2026-09-30T08:18:11+00:00
CI,CIV,Ivory Coast,Institut national de la statistique,http://www.ins.ci/,,,https://nada.anstat.ci/index.php/home,Central Bank of West African States (BCEAO),https://www.bceao.int/index.php/en,https://data.gouv.ci/,,,1/30/2022,OK,NO LINK,SOURCE VERIFIED,OK,SOURCE VERIFIED,NO LINK,2026-09-30T08:22:22Z
JM,JAM,Jamaica,Statistical Institute of Jamaica,https://statinja.gov.jm/,,,,Bank of Jamaica,https://boj.org.jm/,https://metadata.nspit.info/,,,1/30/2022,OK,NO LINK,NO LINK,OK,SOURCE VERIFIED,NO LINK,2026-09-30T08:31:10Z
JP,JPN,Japan,Statistics Bureau,https://www.stat.go.jp/english/,,,,Bank of Japan,https://www.boj.or.jp/en/index.htm/,https://maps.gsi.go.jp/,,,1/30/2022,OK,NO LINK,NO LINK,OK,SOURCE VERIFIED,NO LINK,2026-09-30T08:18:11+00:00
JE,JEY,Jersey,Statistics Jersey,https://www.gov.je/Government/JerseyInFigures/Pages/index.aspx,,,,Jersey Financial Services Commission,https://www.jerseyfsc.org/,https://www.gov.je/PlanningBuilding/JerseyMappingService/pages/digital.aspx/1000,,,12/29/2021,BROKEN (HTTP 404),NO LINK,NO LINK,UNVERIFIED,SOURCE VERIFIED,NO LINK,2026-09-30T08:35:04Z
JO,JOR,Jordan,Department of Statistics,http://dosweb.dos.gov.jo/,,,,Central Bank of Jordan,https://www.cbj.gov.jo/,https://opendata.gov.jo/en/,,,1/30/2022,OK,NO LINK,NO LINK,OK,SOURCE VERIFIED,NO LINK,2026-09-30T08:27:33Z
KZ,KAZ,Kazakhstan,Bureau of national statistics of the Agency for strategic planning and reforms,https://www.gov.kz/memleket/entities/stat?lang=en,,,,National Bank of Kazakhstan,https://www.nationalbank.kz/kz,https://www.govarch.kz/ru/infosys/info/2208,,,1/30/2022,OK,NO LINK,NO LINK,OK,SOURCE VERIFIED,NO LINK,2026-09-30T08:18:11+00:00
KE,KEN,Kenya,Kenya National Bureau of Statistics,https://www.knbs.or.ke/,,,https://statistics.knbs.or.ke/nada/index.php/home,Central Bank of Kenya,https://www.centralbank.go.ke/,https://maarifa.cog.go.ke/article/gis-dashboards-data,,,1/30/2022,OK,NO LINK,OK,OK,SOURCE VERIFIED,NO LINK,2026-09-30T08:31:10Z
KI,KIR,Kiribati,National Statistical Office,https://nso.gov.ki/,,,https://microdata.pacificdata.org/index.php/catalog/?collection%5B%5D=KIR&page=1,Reserve Bank of Australia,https://www.rba.gov.au/,https://pacific-data.sprep.org/,,,12/29/2021,OK,NO LINK,SOURCE VERIFIED,OK,SOURCE VERIFIED,NO LINK,2026-09-30T08:19:16+00:00
XK,XKX,Kosovo,Kosovo Agency of Statistics,https://ask.rks-gov.net/en/kosovo-agency-of-statistics,,,,Central Bank of Kosovo,https://bqk-kos.org/?lang=en,https://geoportal.rks-gov.net/portal/main,,,1/30/2022,BROKEN (HTTP 404),NO LINK,NO LINK,OK,SOURCE VERIFIED,NO LINK,2026-09-30T08:25:07Z
KW,KWT,Kuwait,Central Statistical Bureau,https://www.csb.gov.kw/Default_en,,,,Central Bank of Kuwait,https://www.cbk.gov.kw/en,https://gis.csb.gov.kw/en/,,,1/30/2022,OK,NO LINK,NO LINK,OK,SOURCE VERIFIED,NO LINK,2026-09-30T08:27:33Z
KG,KGZ,Kyrgyzstan,National Statistical Committee of the Kyrgyz Republic,http://www.stat.kg/en/,,,,National Bank of the Kyrgyz Republic,https://www.nbkr.kg/,https://portal.water.gov.kg/index.php/en/,,,1/30/2022,REVIEW,NO LINK,NO LINK,OK,SOURCE VERIFIED,NO LINK,2026-09-30T08:25:07Z
LA,LAO,Laos,Lao Statistics Bureau,https://www.mpi.gov.la/frontend/web/index.php?r=site%2Fcategory&id=23&post_id=168&language=en-US,english; laotian,,https://lnada.statdb.lsb.gov.la/index.php/home,Bank of the Lao P.D.R,https://www.bol.gov.la/en/index,https://nfms.maf.gov.la/,,,1/30/2022,UNVERIFIED,NO LINK,SOURCE VERIFIED,UNVERIFIED,SOURCE VERIFIED,NO LINK,2026-09-30T08:27:04Z
LV,LVA,Latvia,Central Statistical Bureau,https://stat.gov.lv/en,,,,Latvijas Banka,https://www.bank.lv/,https://geolatvija.lv/geo/,,,1/30/2022,OK,NO LINK,NO LINK,OK,SOURCE VERIFIED,NO LINK,2026-09-30T08:18:11+00:00
LB,LBN,Lebanon,Central Administration of Statistics,http://www.cas.gov.lb/,,,,Banque du Liban,https://www.bdl.gov.lb/,https://gis.lbn.wfp.org/,,,1/31/2022,OK,NO LINK,NO LINK,UNVERIFIED,SOURCE VERIFIED,NO LINK,2026-09-30T08:27:04Z
LS,LSO,Lesotho,Bureau of Statistics,https://www.bos.gov.ls/,,,,Central Bank of Lesotho,https://www.centralbank.org.ls/,https://lesis.gov.ls/land_data_page.php,,,1/31/2022,OK,NO LINK,NO LINK,UNVERIFIED,SOURCE VERIFIED,NO LINK,2026-09-30T08:35:25Z
LR,LBR,Liberia,-,,,,https://microdata.lisgis.gov.lr/index.php/catalog/,Central Bank of Liberia,https://public.cbl.org.lr/,https://www.lisgis.gov.lr/,,,1/31/2022,NO LINK,NO LINK,SOURCE VERIFIED,OK,SOURCE VERIFIED,NO LINK,2026-09-30T08:22:22Z
LY,LBY,Libya,Bureau of Statistics and Census,https://www.bsc.ly/,arabic,,,Central Bank of Libya,https://cbl.gov.ly/en/,https://portal.lsdi.ly/,,,1/31/2022,OK,NO LINK,NO LINK,OK,SOURCE VERIFIED,NO LINK,2026-09-30T08:31:10Z
LI,LIE,Liechtenstein,Statistical Office,https://www.llv.li/inhalt/11480/amtsstellen/amt-fur-statistik,german; some english,http://etab.llv.li/PXWeb/pxweb/en/eTab/?rxid=a4cb8296-58ac-4452-821a-0c587794da64,,Swiss National Bank,https://www.snb.ch/en/,https://service.geo.llv.li/en/,,,12/29/2021,UNVERIFIED,REVIEW,NO LINK,OK,SOURCE VERIFIED,NO LINK,2026-09-30T08:31:10Z
LT,LTU,Lithuania,Statistics Lithuania,https://www.stat.gov.lt/en,,,https://osp.stat.gov.lt/viesos-duomenu-rinkmenos,Bank of Lithuania,https://www.lb.lt/en/,https://www.geoportal.lt/geoportal/web/en,,,12/29/2021,REVIEW,NO LINK,UNVERIFIED,UNVERIFIED,SOURCE VERIFIED,NO LINK,2026-09-30T08:18:11+00:00
LU,LUX,Luxembourg,Statistics Portal,https://statistiques.public.lu/en/,,,,Banque centrale du Luxembourg,https://www.bcl.lu/en/,https://geoportal.lu/en/,,,12/29/2021,OK,NO LINK,NO LINK,OK,SOURCE VERIFIED,NO LINK,2026-09-30T08:18:11+00:00
MO,MAC,Macau,Statistics and Census Service,https://www.dsec.gov.mo/en-US/,,,,Monetary Authority of Macao,https://www.amcm.gov.mo/en,https://geomatics.dsscu.gov.mo/en/,,,12/29/2021,OK,NO LINK,NO LINK,OK,SOURCE VERIFIED,NO LINK,2026-09-30T08:31:10Z
MK,MKD,Macedonia,State Statistical Office,http://www.stat.gov.mk/,,,,National Bank of the Republic of North Macedonia,https://www.nbrm.mk/pocetna-en.nspx,https://nipp.katastar.gov.mk/geoportal,,,12/29/2021,OK,NO LINK,NO LINK,UNVERIFIED,SOURCE VERIFIED,NO LINK,2026-09-30T08:32:59Z
MG,MDG,Madagascar,INSTAT,https://www.instat.mg/,french,,,Central Bank of Madagascar,https://www.banky-foibe.mg/,https://www.resiliencemada.gov.mg/catalogue/,,,12/29/2021,OK,NO LINK,NO LINK,OK,SOURCE VERIFIED,NO LINK,2026-09-30T08:31:10Z
MW,MWI,Malawi,National Statistical Office,http://www.nsomalawi.mw/,,,,Reserve Bank of Malawi,https://www.rbm.mw/,https://masdap.gov.mw/,,,12/29/2021,OK,NO LINK,NO LINK,OK,SOURCE VERIFIED,NO LINK,2026-09-30T08:17:13+00:00
MY,MYS,Malaysia,Department of Statistics,https://www.dosm.gov.my/v1/,,,,Central Bank of Malaysia,https://www.bnm.gov.my/,https://mygdix.mygeoportal.gov.my/,,,12/29/2021,UNVERIFIED,NO LINK,NO LINK,UNVERIFIED,SOURCE VERIFIED,NO LINK,2026-09-30T08:18:11+00:00
MV,MDV,Maldives,Bureau of Statistics,https://statisticsmaldives.gov.mv/,,,,Maldives Monetary Authority,https://www.mma.gov.mv/,https://www.mlsa.gov.mv/nationalmapping.php,,,12/29/2021,OK,NO LINK,NO LINK,OK,SOURCE VERIFIED,NO LINK,2026-09-30T08:18:11+00:00
ML,MLI,Mali,Institut National de la Statistique,https://www.instat-mali.org/fr,,,,Central Bank of West African States,http://www.bceao.int/,https://ninacad.sprdf.ml/,,,12/29/2021,OK,NO LINK,NO LINK,REVIEW,SOURCE VERIFIED,NO LINK,2026-09-30T08:36:43Z
MT,MLT,Malta,National Statistical Office,https://nso.gov.mt/en/Pages/NSO-Home.aspx,,,,Central Bank of Malta,https://www.centralbankmalta.org/,https://msdi.data.gov.mt/index.html,,,12/29/2021,UNVERIFIED,NO LINK,NO LINK,UNVERIFIED,SOURCE VERIFIED,NO LINK,2026-09-30T08:18:11+00:00
MH,MHL,Marshall Islands,"Economic Policy, Planning and Statistics Office","https://www.rmieppso.org/#:~:text=About%20Economic%20Policy%2C%20Planning%20and,Evaluation%20%26%20Aid%20Co%2Dordination.",,,https://microdata.pacificdata.org/index.php/catalog/?collection%5B%5D=MHL&page=1,Federal Reserve of the United States,https://www.federalreserve.gov/,https://pacific-data.sprep.org/,,,12/29/2021,OK,NO LINK,SOURCE VERIFIED,OK,SOURCE VERIFIED,NO LINK,2026-09-30T08:19:16+00:00
MR,MRT,Mauritania,Agence Nationale de la Statistique et de l’Analyse Démographique et Economique,https://ansade.mr/fr/,,https://mauritania.opendataforafrica.org/,https://anadrim.rgph5.mr/index.php/catalog,Banque centrale de Mauritanie,https://www.bcm.mr/,https://mdp.dgct.mr/map,,,12/29/2021,OK,OK,SOURCE VERIFIED,OK,SOURCE VERIFIED,NO LINK,2026-09-30T08:32:59Z
MU,MUS,Mauritius,Statistics Mauritius,https://statsmauritius.govmu.org/SitePages/Index.aspx,,,,Bank of Mauritius,https://www.bom.mu/,https://geoportal.govmu.org/,,,12/29/2021,OK,NO LINK,NO LINK,OK,SOURCE VERIFIED,NO LINK,2026-09-30T08:22:22Z
YT,MYT,Mayotte,,https://www.insee.fr/en/accueil,,,,Banque de France,https://www.banque-france.fr/en/banque-de-france/about-banque-de-france/bank-locations/mayotte-en,https://www.mayotte.developpement-durable.gouv.fr/observatoire-de-mayotte-portail-sig-a85.html,,,12/29/2021,UNVERIFIED,NO LINK,NO LINK,BROKEN (HTTP 404),SOURCE VERIFIED,NO LINK,2026-09-30T08:32:59Z
MX,MEX,Mexico,National Institute of Statistics and Geography (INEGI),https://en.www.inegi.org.mx/,,,https://www.inegi.org.mx/microdatos/,Banco Central de Mexico,https://www.banxico.org.mx/indexen.html,https://www.inegi.org.mx/temas/mapadigital/,,,12/29/2021,OK,NO LINK,SOURCE VERIFIED,OK,SOURCE VERIFIED,NO LINK,2026-09-30T08:19:16+00:00
FM,FSM,Micronesia,FSM Statistics,https://www.fsmstatistics.fm/,,,https://microdata.pacificdata.org/index.php/catalog/?collection%5B%5D=FSM&page=1,Federal Reserve of the United States,https://www.federalreserve.gov/,https://pacific-data.sprep.org/,,,12/29/2021,UNVERIFIED,NO LINK,SOURCE VERIFIED,OK,SOURCE VERIFIED,NO LINK,2026-09-30T08:19:16+00:00
MD,MDA,Moldova,National Bureau of Statistics,https://statistica.gov.md/index.php?l=en,,,,National Bank of Moldova,https://www.bnm.md/en/m/search,https://geodata.gov.md/,,,12/29/2021,OK,NO LINK,NO LINK,OK,SOURCE VERIFIED,NO LINK,2026-09-30T08:22:22Z
MC,MCO,Monaco,Monaco Statistics,https://www.monacostatistics.mc/,,,,European Central Bank,https://www.ecb.europa.eu/home/html/index.en.html,https://geldefonds.gouv.mc/sites-lies/sites-officiels-du-gouvernement-princier/urbamonaco-geoportail-de-l-urbanisme,,,12/29/2021,REVIEW,NO LINK,NO LINK,OK,SOURCE VERIFIED,NO LINK,2026-09-30T08:35:04Z
MN,MNG,Mongolia,National Statistics Office of Mongolia,https://en.nso.mn/home,,,https://nada.nso.mn/en/catalog/,Bank of Mongolia,https://www.mongolbank.mn//,https://www.nsdi.gov.mn/,,,12/29/2021,OK,NO LINK,SOURCE VERIFIED,REVIEW,SOURCE VERIFIED,NO LINK,2026-09-30T08:18:11+00:00
ME,MNE,Montenegro,Statistical Office of Montenegro,https://www.monstat.org/eng/,,,,Central Bank of Montenegro,https://www.cbcg.me/en,https://wis.gov.me/geoportal,,,12/29/2021,OK,NO LINK,NO LINK,OK,SOURCE VERIFIED,NO LINK,2026-09-30T08:25:07Z
MS,MSR,Montserrat,Statistics Department,https://www.gov.ms/government/ministries/ministry-of-finance-economic-management/statistics-department/,,,,Eastern Caribbean Central Bank,https://www.eccb-centralbank.org/p/montserrat,https://gis.oecs.int/,,,12/29/2021,OK,NO LINK,NO LINK,UNVERIFIED,SOURCE VERIFIED,NO LINK,2026-09-30T08:15:07+00:00
MA,MAR,Morocco,"Ministry of National Education, Vocational Training, Higher Education and Scientific Research",https://www.men.gov.ma/en/Pages/Statistics.aspx,,,https://www.hcp.ma/Micro-donnees-Open-data_r632.html,Bank Al-Maghrib,https://www.bkam.ma/,https://taamir.gov.ma/,,,12/29/2021,BROKEN (HTTP 404),NO LINK,SOURCE VERIFIED,OK,SOURCE VERIFIED,NO LINK,2026-09-30T08:20:00+00:00
MZ,MOZ,Mozambique,Instituto Nacional de Estatistica,http://www.ine.gov.mz/,,,http://mozdata.microdatahub.com/index.php/home,Banco de Moçambique,https://www.bancomoc.mz/,https://dev.mozgis.gov.mz/,,,12/29/2021,REVIEW,NO LINK,REVIEW,OK,SOURCE VERIFIED,NO LINK,2026-09-30T08:17:13+00:00
MM,MMR,Myanmar,Central Statistical Organization,https://www.csostat.gov.mm/,,,,Central Bank of Myanmar,https://www.cbm.gov.mm/frontpage,https://geonode.themimu.info/,,,12/29/2021,OK,NO LINK,NO LINK,BROKEN (HTTP 404),SOURCE VERIFIED,NO LINK,2026-09-30T08:32:59Z
NA,NAM,Namibia,Namibia Statistics Agency,https://nsa.org.na/,,,https://nada.nsa.org.na/index.php/catalog,Bank of Namibia,https://www.bon.com.na/,https://digitalnamibia.nsa.org.na/,,,12/29/2021,OK,NO LINK,OK,UNVERIFIED,SOURCE VERIFIED,NO LINK,2026-09-30T08:15:07+00:00
NR,NRU,Nauru,Nauru Bureau of Statistics,https://nauru.prism.spc.int/,,,https://microdata.pacificdata.org/index.php/catalog/?collection%5B%5D=NRU&page=1,Reserve Bank of Australia,https://www.rba.gov.au/,https://pacific-data.sprep.org/,,,12/29/2021,REVIEW,NO LINK,SOURCE VERIFIED,OK,SOURCE VERIFIED,NO LINK,2026-09-30T08:19:16+00:00
NP,NPL,Nepal,Central Bureau of Statistics,https://cbs.gov.np/,,,https://microdata.nsonepal.gov.np/index.php/catalog,Central Bank of Nepal,https://www.nrb.org.np/,https://www.nationalgeoportal.gov.np/,,,12/29/2021,UNVERIFIED,NO LINK,SOURCE VERIFIED,OK,SOURCE VERIFIED,NO LINK,2026-09-30T08:15:07+00:00
NL,NLD,Netherlands,Statistics Netherlands,https://www.cbs.nl/en-gb,,,,De Nederlandsche Bank,https://www.dnb.nl/en/,https://www.pdok.nl/,,,12/29/2021,OK,NO LINK,NO LINK,UNVERIFIED,SOURCE VERIFIED,NO LINK,2026-09-30T08:18:11+00:00
AN,ANT,Netherlands Antilles,Statistics Netherlands,https://www.cbs.nl/en-gb,,,,Central Bank Curacao and Sint Maarten,https://www.centralbank.cw/,,,,12/29/2021,OK,NO LINK,NO LINK,UNVERIFIED,NO LINK,NO LINK,2026-09-30T07:31:15+00:00
NC,NCL,New Caledonia,Institut de la statistique et des études économiques,https://www.isee.nc/,,,https://microdata.pacificdata.org/index.php/catalog/?collection%5B%5D=NCL&page=1,Institut d’émission d’Outre-Mer,https://www.ieom.fr/ieom/,https://georep.nc/,,,12/29/2021,OK,NO LINK,SOURCE VERIFIED,OK,SOURCE VERIFIED,NO LINK,2026-09-30T08:32:59Z
NZ,NZL,New Zealand,Stats NZ,https://www.stats.govt.nz/,,,,New Zealand Central Bank,https://www.rbnz.govt.nz/,https://data.linz.govt.nz/,,,12/29/2021,OK,NO LINK,NO LINK,UNVERIFIED,SOURCE VERIFIED,NO LINK,2026-09-30T08:15:07+00:00
NI,NIC,Nicaragua,Instituto Nacional de Información de Desarrollo,https://www.inide.gob.ni/,,,,Banco Central de Nicaragua,https://www.bcn.gob.ni/,https://www.ineter.gob.ni/ide-ineter/geoservicios/,,,12/29/2021,OK,NO LINK,NO LINK,REVIEW,SOURCE VERIFIED,NO LINK,2026-09-30T08:19:16+00:00
NE,NER,Niger,Institut National de la Statistique,https://www.stat-niger.org/,,,https://www.stat-niger.org/anado/index.php/catalog,Central Bank of West African States,http://www.bceao.int/,https://www.ignn.net/,,,12/29/2021,OK,NO LINK,SOURCE VERIFIED,REVIEW,SOURCE VERIFIED,NO LINK,2026-09-30T08:28:16Z
NG,NGA,Nigeria,National Bureau of Statistics,https://www.nigerianstat.gov.ng/,,,https://microdata.nigerianstat.gov.ng/index.php/home,Central Bank of Nigeria,https://www.cbn.gov.ng/,https://ngsa.gov.ng/geodata-centre/,,,12/29/2021,OK,NO LINK,SOURCE VERIFIED,OK,SOURCE VERIFIED,NO LINK,2026-09-30T08:23:50Z
NU,NIU,Niue,Statistics Niue Office,https://niue.prism.spc.int/,,,https://microdata.pacificdata.org/index.php/catalog/?collection%5B%5D=NIU&page=1,New Zealand Central Bank,https://www.rbnz.govt.nz/,https://pacific-data.sprep.org/,,,12/29/2021,REVIEW,NO LINK,SOURCE VERIFIED,UNVERIFIED,SOURCE VERIFIED,NO LINK,2026-09-30T08:19:16+00:00
KP,PRK,North Korea,Central Bureau of Statistics,http://ghdx.healthdata.org/organizations/central-bureau-statistics-north-korea,,,,,no website,https://nkinfo.unikorea.go.kr/nkp/pge/view.do?menuId=SO302,,,12/29/2021,OK,NO LINK,NO LINK,NO LINK,SOURCE VERIFIED,NO LINK,2026-09-30T08:37:05Z
MP,MNP,Northern Mariana Islands,entral Statistics Division,https://ver1.cnmicommerce.com/divisions/central-statistics/,,,https://microdata.pacificdata.org/index.php/catalog/?collection%5B%5D=MNP&page=1,Federal Reserve of the United States,https://www.federalreserve.gov/,https://opd.gov.mp/geospatial-data.html,,,12/29/2021,OK,NO LINK,SOURCE VERIFIED,OK,SOURCE VERIFIED,NO LINK,2026-09-30T08:36:43Z
NO,NOR,Norway,Statistics Norway,https://www.ssb.no/en,,,,Norges Bank,https://www.norges-bank.no/en/,https://www.geonorge.no/en/,,,12/29/2021,OK,NO LINK,NO LINK,OK,SOURCE VERIFIED,NO LINK,2026-09-30T08:22:22Z
OM,OMN,Oman,National Center for Statistics and Information,https://www.ncsi.gov.om/Pages/AllIndicators.aspx,,,,Central Bank of Oman,https://cbo.gov.om/,https://nsaomangeoportal.gov.om/,,,12/29/2021,BROKEN (HTTP 404),NO LINK,NO LINK,OK,SOURCE VERIFIED,NO LINK,2026-09-30T08:27:33Z
PK,PAK,Pakistan,Pakistan Bureau of Statistics,https://www.pbs.gov.pk/,english,,,State Bank of Pakistan,https://www.sbp.org.pk/index.asp,https://www.pbs.gov.pk/gis/,,,1/11/2022,OK,NO LINK,NO LINK,OK,SOURCE VERIFIED,NO LINK,2026-09-30T08:23:50Z
PW,PLW,Palau,,https://www.palaugov.pw/statistics/,,,https://microdata.pacificdata.org/index.php/catalog/?collection%5B%5D=PLW&page=1,Republic of Palau Financial Institutions Commission,http://www.ropfic.org/,https://pacific-data.sprep.org/,,,12/29/2021,UNVERIFIED,NO LINK,SOURCE VERIFIED,UNVERIFIED,SOURCE VERIFIED,NO LINK,2026-09-30T08:19:16+00:00
PS,PSE,Palestine,Palestinian Central Bureau of Statistics,https://www.pcbs.gov.ps/default.aspx,,,https://microdata.pcbs.gov.ps/PCBS-Metadata-en-v5.2/index.php/catalog,Palestine Monetary Authority,https://www.pma.ps/en/,https://geoportal.nsdi.ps/,,,12/29/2021,UNVERIFIED,NO LINK,SOURCE VERIFIED,OK,SOURCE VERIFIED,NO LINK,2026-09-30T08:32:59Z
PA,PAN,Panama,Instituto Nacional de Estadística y Censo,https://www.inec.gob.pa/,,,,Banco Nacional De Panama,https://www.banconal.com.pa/,https://geo-01.innovacion.gob.pa/,,,12/29/2021,OK,NO LINK,NO LINK,UNVERIFIED,SOURCE VERIFIED,NO LINK,2026-09-30T08:22:22Z
PG,PNG,Papua New Guinea,National Statistical Office,https://www.nso.gov.pg/,,,https://microdata.pacificdata.org/index.php/catalog/?collection%5B%5D=PNG&page=1,Bank of Papua New Guinea,https://www.bankpng.gov.pg/,https://png-geoportal.org/,,,12/29/2021,OK,NO LINK,SOURCE VERIFIED,UNVERIFIED,SOURCE VERIFIED,NO LINK,2026-09-30T08:19:16+00:00
PY,PRY,Paraguay,Instituto Nacional de Estadística,https://www.ine.gov.py/,spanish,,https://www.ine.gov.py/microdatos/Encuesta-Permanente-de-Hogares-Continua.php,Banco Central del Paraguay,https://www.bcp.gov.py/,https://geoportal.paraguay.gov.py/,,,12/29/2021,OK,NO LINK,SOURCE VERIFIED,UNVERIFIED,SOURCE VERIFIED,NO LINK,2026-09-30T08:19:16+00:00
PE,PER,Peru,Instituto Nacional de Estadística e Informática,https://www.inei.gob.pe/,,,http://iinei.inei.gob.pe/microdatos/,Banco Central de Reserva del Perú,https://www.bcrp.gob.pe/,https://www.geoidep.gob.pe/,,,12/29/2021,REVIEW,NO LINK,UNVERIFIED,OK,SOURCE VERIFIED,NO LINK,2026-09-30T08:19:16+00:00
PH,PHL,Philippines,Philippines Statistics Authority,https://psa.gov.ph/,english,,https://psada.psa.gov.ph/index.php/catalog,Bangko Sentral Ng Pilipinas,https://www.bsp.gov.ph/SitePages/Default.aspx,https://www.geoportal.gov.ph/,,,12/29/2021,UNVERIFIED,NO LINK,UNVERIFIED,UNVERIFIED,SOURCE VERIFIED,NO LINK,2026-09-30T08:15:07+00:00
PN,PCN,Pitcairn,,https://www.government.pn/,,,https://microdata.pacificdata.org/index.php/catalog/?collection%5B%5D=PCN&page=1,New Zealand Central Bank,https://www.rbnz.govt.nz/,,,,12/29/2021,OK,NO LINK,SOURCE VERIFIED,UNVERIFIED,NO LINK,NO LINK,2026-09-30T07:41:50+00:00
PL,POL,Poland,Statistics Poland,https://stat.gov.pl/en/,,,,Narodowy Bank Polski,https://www.nbp.pl/homen.aspx?f=/srodeken.htm,https://mapy.geoportal.gov.pl/imap/,,,12/29/2021,UNVERIFIED,NO LINK,NO LINK,UNVERIFIED,SOURCE VERIFIED,NO LINK,2026-09-30T08:18:11+00:00
PT,PRT,Portugal,Statistics Portugal,https://www.ine.pt/xportal/xmain?xpgid=ine_main&xpid=INE&xlang=en,english; portuguese,https://www.ine.pt/xportal/xmain?xpid=INE&xpgid=ine_base_dados,https://www.ine.pt/xportal/xmain?xpid=INE&xpgid=ine_pufs&menuBOUI=13707095&contexto=up&selTab=tab5&xlang=en,Banco de Portugal,https://www.bportugal.pt/,http://mapas.ine.pt/map.phtml ; https://ine.pt/xportal/xmain?xpid=INE&xpgid=ine_unid_territorial&menuBOUI=13707095&contexto=ut&selTab=tab3,https://www.ine.pt/xportal/xmain?xpid=INE&xpgid=ine_indicadores&userLoadSave=Load&userTableOrder=10777&tipoSeleccao=1&contexto=pq&selTab=tab1&submitLoad=true,ine@ine.pt,1/4/2022,OK,OK,OK,UNVERIFIED,http://mapas.ine.pt/map.phtml = OK ; https://ine.pt/xportal/xmain?xpid=INE&xpgid=ine_unid_territorial&menuBOUI=13707095&contexto=ut&selTab=tab3 = OK,OK,2026-09-30T07:31:24+00:00
PR,PRI,Puerto Rico,Instituto de Estadísticas de Puerto Rico,https://estadisticas.pr/,,,,Federal Reserve of the United States,https://www.federalreserve.gov/,https://gis.pr.gov/Pages/default.aspx,,,12/29/2021,OK,NO LINK,NO LINK,OK,SOURCE VERIFIED,NO LINK,2026-09-30T08:19:16+00:00
QA,QAT,Qatar,Ministry of Development Planning and Statistics,https://www.psa.gov.qa/en/pages/default.aspx,,,,Qatar Central Bank,http://www.qcb.gov.qa/English/Pages/default.aspx,https://gisqatar.org.qa/geoportal/,,,12/29/2021,UNVERIFIED,NO LINK,NO LINK,OK,SOURCE VERIFIED,NO LINK,2026-09-30T08:23:50Z
CG,COG,Republic of the Congo,Institut National De La Statistique,https://ins-congo.cg/,,,,Banque Centrale du Congo,https://www.bcc.cd/,,,,12/29/2021,OK,NO LINK,NO LINK,OK,NO LINK,NO LINK,2026-09-30T07:31:03+00:00
RE,REU,Reunion,National Institute of Statistics and Economic Studies,https://www.insee.fr/en/accueil,,,,Banque de France,https://www.banque-france.fr/en/banque-de-france/about-banque-de-france/bank-locations/mayotte-en,https://www.reunion.developpement-durable.gouv.fr/acces-aux-donnees-geographiques-a98.html,,,12/29/2021,UNVERIFIED,NO LINK,NO LINK,BROKEN (HTTP 404),SOURCE VERIFIED,NO LINK,2026-09-30T08:35:04Z
RO,ROU,Romania,National Institute of Statistics,https://insse.ro/cms/en,,,,National Bank of Romania,https://www.bnr.ro/Home.aspx,https://gismaps.go.ro/,,,12/29/2021,UNVERIFIED,NO LINK,NO LINK,UNVERIFIED,SOURCE VERIFIED,NO LINK,2026-09-30T08:24:11Z
RU,RUS,Russia,Federal State Statistics Service,https://eng.rosstat.gov.ru/,english,,,Bank of Russia,https://www.cbr.ru/eng/,https://data.gov.ru/datasets,,,12/29/2021,UNVERIFIED,NO LINK,NO LINK,OK,SOURCE VERIFIED,NO LINK,2026-09-30T08:25:07Z
RW,RWA,Rwanda,National Institute of Statistics of Rwanda,https://www.statistics.gov.rw/,english,,https://microdata.statistics.gov.rw/index.php/catalog,National Bank of Rwanda,https://www.bnr.rw/home/,https://geodata.rw/portal/apps/sites/#/nsdi,,,12/29/2021,UNVERIFIED,NO LINK,SOURCE VERIFIED,OK,SOURCE VERIFIED,NO LINK,2026-09-30T08:15:07+00:00
BL,BLM,Saint Barthelemy,-,,,,,Banque de France,https://www.banque-france.fr/en/banque-de-france/about-banque-de-france/bank-locations/mayotte-en,https://www.geoportail.gouv.fr/entite/saint-barthelemy,,,12/29/2021,NO LINK,NO LINK,NO LINK,BROKEN (HTTP 404),SOURCE VERIFIED,NO LINK,2026-09-30T08:25:07Z
SH,SHN,Saint Helena,-,https://www.sainthelena.gov.sh/st-helena/statistics/,english,,,Bank of England,https://www.bankofengland.co.uk/,https://www.sainthelena.gov.sh/st-helena/government/portfolios/central-support-services/the-geographical-information-system-gis-section/,,,12/29/2021,OK,NO LINK,NO LINK,OK,SOURCE VERIFIED,NO LINK,2026-09-30T08:35:04Z
KN,KNA,Saint Kitts and Nevis,"Department of Statistics, Ministry of Sustainable Development",https://www.stats.gov.kn/,english,,,Eastern Caribbean Central Bank,https://www.eccb-centralbank.org/p/commonwealth-of-dominica,https://gis.oecs.int/,,,12/29/2021,OK,NO LINK,NO LINK,UNVERIFIED,SOURCE VERIFIED,NO LINK,2026-09-30T08:15:07+00:00
LC,LCA,Saint Lucia,The Central Statistical Office of St. Lucia,https://www.stats.gov.lc/,english,,,Eastern Caribbean Central Bank,https://www.eccb-centralbank.org/p/commonwealth-of-dominica,https://gis.oecs.int/,,,12/29/2021,OK,NO LINK,NO LINK,UNVERIFIED,SOURCE VERIFIED,NO LINK,2026-09-30T08:15:07+00:00
MF,MAF,Saint Martin,Government of Sint Maarten,http://www.sintmaartengov.org/government/TEATT/STAT/Pages/default.aspx,english,,,,,https://www.geoportail.gouv.fr/entite/saint-martin,,,12/29/2021,BROKEN (HTTP 404),NO LINK,NO LINK,NO LINK,SOURCE VERIFIED,NO LINK,2026-09-30T08:25:07Z
PM,SPM,Saint Pierre and Miquelon,,,,,,Banque de France,https://www.banque-france.fr/en/banque-de-france/about-banque-de-france/bank-locations/mayotte-en,https://www.data.gouv.fr/datasets/decoupage-administratif-des-com-st-martin-et-st-barthelemy-et-com-saint-pierre-et-miquelon-format-admin-express,,,12/29/2021,NO LINK,NO LINK,NO LINK,BROKEN (HTTP 404),SOURCE VERIFIED,NO LINK,2026-09-30T08:25:07Z
VC,VCT,Saint Vincent and the Grenadines,Statistical Office,https://stats.gov.vc/,english,,,Eastern Caribbean Central Bank,https://www.eccb-centralbank.org/p/commonwealth-of-dominica,https://gis.oecs.int/,,,12/29/2021,OK,NO LINK,NO LINK,UNVERIFIED,SOURCE VERIFIED,NO LINK,2026-09-30T08:15:07+00:00
WS,WSM,Samoa,Samoa Bureau of Statistics,https://www.sbs.gov.ws/,english,,http://110.5.112.59/index.php/catalog,Central Bank of Samoa,https://www.cbs.gov.ws/,https://pacific-data.sprep.org/,,,12/29/2021,OK,NO LINK,SOURCE VERIFIED,OK,SOURCE VERIFIED,NO LINK,2026-09-30T08:19:16+00:00
SM,SMR,San Marino,"Office of Economic Planning, Data Processing and Statistics",https://www.statistica.sm/on-line/en/home.html,,,,Central Bank of the Republic of San Marino,https://www.bcsm.sm/site/en/home.html,https://mappeonline.pa.sm/portal/sharing/portals/self,,,12/29/2021,BROKEN (HTTP 404),NO LINK,NO LINK,BROKEN (HTTP 404),SOURCE VERIFIED,NO LINK,2026-09-30T08:32:59Z
ST,STP,Sao Tome and Principe,Instituto Nacional de Estatísticas,https://www.ine.st/,portuguese,,,Banco Central de S. Tomé e Príncipe,https://bcstp.st/,https://dados.gov.pt/datasets/sao-tome-e-principe-toponimia-1/,,,12/29/2021,OK,NO LINK,NO LINK,OK,SOURCE VERIFIED,NO LINK,2026-09-30T08:32:59Z
SA,SAU,Saudi Arabia,General Authority for Statistics+,https://www.stats.gov.sa/en,english; arabic,https://www.stats.gov.sa/en/statistics-overview,,Saudi Central Bank,https://www.sama.gov.sa/ar-sa/Pages/default.aspx,https://geoportal.geosa.gov.sa/geoportal/,,,12/29/2021,UNVERIFIED,UNVERIFIED,NO LINK,OK,SOURCE VERIFIED,NO LINK,2026-09-30T08:23:50Z
SN,SEN,Senegal,Agence National de la Statistique et de la Démographie,http://www.ansd.sn/,francais,,https://anads.ansd.sn/index.php/catalog/?view=v,Central Bank of West African States,http://www.bceao.int/,https://geosenegal.gouv.sn/,,,12/29/2021,UNVERIFIED,NO LINK,SOURCE VERIFIED,REVIEW,SOURCE VERIFIED,NO LINK,2026-09-30T08:15:07+00:00
RS,SRB,Serbia,Statistical Office of the Republic of Serbia,https://www.stat.gov.rs/en-US,english,,,National Bank of Serbia,https://nbs.rs/en/indeks/,https://www.rgz.gov.rs/en-geo-srbija,,,12/29/2021,OK,NO LINK,NO LINK,OK,SOURCE VERIFIED,NO LINK,2026-09-30T08:25:07Z
SC,SYC,Seychelles,National Bureau of Statistics,https://www.nbs.gov.sc/,english,https://www.nbs.gov.sc/seychelles-data-portal,,Central Bank of Seychelles,https://www.cbs.sc/,https://www.gis.gov.sc/portal/apps/experiencebuilder/experience/?dlg=Window---Related-Links&id=48aa75ec829048fd942cef4f1cdb2008&page=Map-Viewer&views=Filter,,,12/29/2021,UNVERIFIED,UNVERIFIED,NO LINK,OK,SOURCE VERIFIED,NO LINK,2026-09-30T08:25:45Z
SL,SLE,Sierra Leone,Statistics Sierra Leone,https://www.statistics.sl/,,https://www.statistics.sl/index.php/what-we-offer/open-data-free-datasets.html,https://www.statistics.sl/index.php/surveys/completed-surveys.html,Bank of Sierra Leone,https://bsl.gov.sl/,https://gis.dsti.gov.sl/,,,12/29/2021,UNVERIFIED,UNVERIFIED,UNVERIFIED,OK,UNVERIFIED,NO LINK,2026-09-30T07:31:42+00:00
SG,SGP,Singapore,Singapore Department of Statistics,https://www.singstat.gov.sg/,,,,Monetary Authority of Singapore,https://www.mas.gov.sg/,https://data.gov.sg/datasets?page=1&query=land&resultId=d_e7395d743076a2bcc487b0d12b9bf33b,,,12/29/2021,OK,NO LINK,NO LINK,OK,SOURCE VERIFIED,NO LINK,2026-09-30T08:25:07Z
SX,SXM,Sint Maarten,Department of Statistics,http://stats.sintmaartengov.org/?fbclid=IwAR12x5xtxY1tX3Iwqb7mMMAAI52m_Zlt_DqZcCjwlWck5yFWGK1UNlSdzhI,,,,Central Bank Curacao and Sint Maarten,https://www.centralbank.cw/,https://gis.sintmaartengov.org/portal/,,,12/29/2021,OK,NO LINK,NO LINK,UNVERIFIED,SOURCE VERIFIED,NO LINK,2026-09-30T08:19:16+00:00
SK,SVK,Slovakia,Statistical Office of the SR,https://slovak.statistics.sk/wps/portal/ext/home/!ut/p/z1/04_Sj9CPykssy0xPLMnMz0vMAfIjo8ziA809LZycDB0NLPyCXA08QxwD3IO8TAwNTEz1wwkpiAJKG-AAjgZA_VFgJc7ujh4m5j4GBhY-7qYGno4eoUGWgcbGBo7GUAV4zCjIjTDIdFRUBADse0bP/dz/d5/L2dBISEvZ0FBIS9nQSEh/,,,,Národná banka Slovenska,https://nbs.sk/en/,https://geoportal.gov.sk/,,,12/29/2021,UNVERIFIED,NO LINK,NO LINK,OK,SOURCE VERIFIED,NO LINK,2026-09-30T08:18:11+00:00
SI,SVN,Slovenia,Statistical Office of the Republic of Slovenia,https://www.stat.si/StatWeb/en,,,,Banka Slovenije,https://www.bsi.si/en,https://gis.stat.si/#lang=en,,,12/29/2021,UNVERIFIED,NO LINK,NO LINK,OK,OK,NO LINK,2026-09-30T07:31:39+00:00
SB,SLB,Solomon Islands,Solomon Islands National Statistics Office (SINSO),https://www.statistics.gov.sb/,,,https://microdata.pacificdata.org/index.php/catalog/?collection%5B%5D=SLB&page=1,Central Bank of Solomon Islands,https://www.cbsi.com.sb/,https://solomons.popgis.spc.int/#view=map2&c=indicator,,,12/29/2021,UNVERIFIED,NO LINK,SOURCE VERIFIED,OK,OK,NO LINK,2026-09-30T07:41:50+00:00
SO,SOM,Somalia,National Bureau of Statistics,https://www.nbs.gov.so/,,,http://microdata.nbs.gov.so/index.php/catalog,Central Bank of Somalia,https://centralbank.gov.so/,https://spatial.faoswalim.org/,,,12/29/2021,OK,NO LINK,OK,UNVERIFIED,SOURCE VERIFIED,NO LINK,2026-09-30T08:31:10Z
ZA,ZAF,South Africa,Statistics South Africa,http://www.statssa.gov.za/,,,https://www.datafirst.uct.ac.za/dataportal/index.php/catalog,South African Reserve Bank,https://www.resbank.co.za/,https://nspdr.dlrrd.gov.za/,,,12/29/2021,OK,NO LINK,SOURCE VERIFIED,OK,SOURCE VERIFIED,NO LINK,2026-09-30T08:20:00+00:00
KR,KOR,South Korea,Statistics Korea,http://kostat.go.kr/portal/eng/index.action,,,,Bank of Korea,https://www.bok.or.kr/eng/main/main.do,https://www.data.go.kr/data/15058805/openapi.do,,,12/29/2021,REVIEW,NO LINK,NO LINK,OK,SOURCE VERIFIED,NO LINK,2026-09-30T08:31:10Z
SS,SSD,South Sudan,-,-,,,,Bank of South Sudan,https://boss.gov.ss/,https://www.ssnbss.org/home/geographical-information-system/,,,12/29/2021,NO LINK,NO LINK,NO LINK,OK,SOURCE VERIFIED,NO LINK,2026-09-30T08:31:10Z
ES,ESP,Spain,instituto Nacional de Estatística,https://www.ine.es/en/,,,https://www.ine.es/dyngs/SER/en/index.htm?cid=1388,Banco de España,https://www.bde.es/bde/en/,https://centrodedescargas.cnig.es/CentroDescargas/,,,12/29/2021,UNVERIFIED,NO LINK,SOURCE VERIFIED,OK,SOURCE VERIFIED,NO LINK,2026-09-30T08:22:22Z
LK,LKA,Sri Lanka,Department of Census and Statistics,http://www.statistics.gov.lk/,,,https://nada.statistics.gov.lk/index.php/home,Central Bank of Sri Lanka,https://www.cbsl.gov.lk/,https://geoportal.nsdi.gov.lk/,,,12/29/2021,OK,NO LINK,SOURCE VERIFIED,OK,SOURCE VERIFIED,NO LINK,2026-09-30T08:15:07+00:00
SD,SDN,Sudan,-,-,,,,Central Bank of Sudan,https://cbos.gov.sd/en,https://www.nic.gov.sd/public/projectDetails/3,,,12/29/2021,NO LINK,NO LINK,NO LINK,OK,SOURCE VERIFIED,NO LINK,2026-09-30T08:31:10Z
SR,SUR,Suriname,General Bureau of Statistics,https://statistics-suriname.org/en/,,,,Centrale Bank van Suriname,https://www.cbvs.sr/,https://www.surinameredd.org/nl/documentatie/geoportaal/,,,12/29/2021,OK,NO LINK,NO LINK,OK,SOURCE VERIFIED,NO LINK,2026-09-30T08:31:10Z
SJ,SJM,Svalbard and Jan Mayen,,https://www.ssb.no/en/svalbard,,,,Norges Bank,https://www.norges-bank.no/en/,https://geodata.npolar.no/,,,12/29/2021,OK,NO LINK,NO LINK,OK,SOURCE VERIFIED,NO LINK,2026-09-30T08:35:04Z
SZ,SWZ,Eswatini,Central Statistical Office,https://swaziland.opendataforafrica.org/data#source=Central+Statistics+Office+of+Swaziland,,,,Central Bank of Eswatini,https://www.centralbank.org.sz/,,,,12/29/2021,OK,NO LINK,NO LINK,OK,NO LINK,NO LINK,2026-09-30T07:31:17+00:00
SE,SWE,Sweden,Statistics Sweden,https://www.scb.se/en/,english; swedish,,https://www.scb.se/en/services/ordering-data-and-statistics/ordering-microdata/,SVERIGES RIKSBANK,https://www.riksbank.se/en-gb/,https://geotorget.lantmateriet.se/nationella-geodataplattformen,,,12/29/2021,OK,NO LINK,OK,OK,SOURCE VERIFIED,NO LINK,2026-09-30T08:22:22Z
CH,CHE,Switzerland,Federal Statistical Office,https://www.bfs.admin.ch/bfs/en/home.html,english; french; german; italian; romansch,,https://www.bfs.admin.ch/bfs/en/home/basics/surveys.html,Swiss National Bank,https://www.snb.ch/en/,https://www.geo.admin.ch/,,,12/29/2021,OK,NO LINK,OK,OK,SOURCE VERIFIED,NO LINK,2026-09-30T08:22:22Z
SY,SYR,Syria,Central Bureau Of Statistics,http://cbssyr.sy/index-EN.htm,english; arabic,,,Central Bank of Syria,https://cb.gov.sy/,https://opensyria.org/datasets/geography,,,12/29/2021,OK,NO LINK,NO LINK,UNVERIFIED,SOURCE VERIFIED,NO LINK,2026-09-30T08:37:05Z
TW,TWN,Taiwan,National Statistics,https://eng.stat.gov.tw/mp.asp?mp=5,english,,,People's Bank of China,http://www.pbc.gov.cn/en/3688006/index.html,https://maps.nlsc.gov.tw/open/,,,12/29/2021,UNVERIFIED,NO LINK,NO LINK,UNVERIFIED,SOURCE VERIFIED,NO LINK,2026-09-30T08:31:10Z
TJ,TJK,Tajikistan,Agency on Statistics,https://www.stat.tj/en/,english; russian,,,National Bank of Tajikistan,https://www.nbt.tj/en/,https://geoportal.tj/,,,12/29/2021,OK,NO LINK,NO LINK,OK,SOURCE VERIFIED,NO LINK,2026-09-30T08:31:10Z
TZ,TZA,Tanzania,National Bureau of Statistics,https://www.nbs.go.tz/index.php/en/,english; swahili,,https://microdata.nbs.go.tz/,Bank of Tanzania,https://www.bot.go.tz/,https://www.nbs.go.tz/statistics/topic/gis,,,12/29/2021,BROKEN (HTTP 404),NO LINK,SOURCE VERIFIED,OK,SOURCE VERIFIED,NO LINK,2026-09-30T08:20:00+00:00
TH,THA,Thailand,National Statistical Office,http://web.nso.go.th/index.htm,,,,Central Bank of Thailand,https://www.bot.or.th/English/Pages/default.aspx,https://ngis.go.th/,,,12/29/2021,UNVERIFIED,NO LINK,NO LINK,BROKEN (HTTP 404),SOURCE VERIFIED,NO LINK,2026-09-30T08:18:11+00:00
TG,TGO,Togo,"Institut National de la Statistique, des Etudes Economiques et Démographiques",https://inseed.tg/,,,,Central Bank of West African States,http://www.bceao.int/,https://geodata.gouv.tg/,,,12/29/2021,OK,NO LINK,NO LINK,REVIEW,SOURCE VERIFIED,NO LINK,2026-09-30T08:15:07+00:00
TK,TKL,Tokelau,National Statistical Office,https://www.tokelau.org.nz/Tokelau+Government/Government+Departments/Office+of+the+Council+for+the+Ongoing+Government+OCOG/Tokelau+National+Statistics+Office.html,,,https://microdata.pacificdata.org/index.php/catalog/?collection%5B%5D=TKL&page=1,New Zealand Central Bank,https://www.rbnz.govt.nz/,https://pacific-data.sprep.org/,,,12/29/2021,OK,NO LINK,SOURCE VERIFIED,UNVERIFIED,SOURCE VERIFIED,NO LINK,2026-09-30T08:19:16+00:00
TO,TON,Tonga,Tonga Statistics Department,https://tongastats.gov.to/,english,,https://microdata.pacificdata.org/index.php/catalog/?collection%5B%5D=TON&page=1,National Reserve Bank of Tonga,http://www.reservebank.to/,https://pacific-data.sprep.org/,,,12/29/2021,OK,NO LINK,SOURCE VERIFIED,OK,SOURCE VERIFIED,NO LINK,2026-09-30T08:19:16+00:00
TT,TTO,Trinidad and Tobago,General Statistics Office,https://cso.gov.tt/,english,,,Central Bank of Trinidad and Tobago,https://www.central-bank.org.tt/,https://www.surveys.gov.tt/publicmap,,,12/29/2021,UNVERIFIED,NO LINK,NO LINK,OK,SOURCE VERIFIED,NO LINK,2026-09-30T08:31:10Z
TN,TUN,Tunisia,Institut National De La Statistique,http://ins.tn/en,,,,Central Bank of Tunisia,https://www.bct.gov.tn/bct/siteprod/index.jsp,https://www.data.gov.tn/fr/,,,12/29/2021,OK,NO LINK,NO LINK,OK,SOURCE VERIFIED,NO LINK,2026-09-30T08:24:11Z
TR,TUR,Turkey,Turkish Statistical Institute,https://www.tuik.gov.tr/Home/Index,english; turkish,,,Central Bank of the Republic of Türkiye,https://www.tcmb.gov.tr/wps/wcm/connect/en/tcmb+en,https://cbs.csb.gov.tr/ulusal-cografi-bilgi-platformu-112860,,,12/29/2021,OK,NO LINK,NO LINK,OK,SOURCE VERIFIED,NO LINK,2026-09-30T08:23:50Z
TM,TKM,Turkmenistan,Türkmenistanyň Statistika,https://www.stat.gov.tm/,turkmen; russian,,,Central Bank of Turkmenistan,https://www.cbt.tm/en/,,,,12/29/2021,OK,NO LINK,NO LINK,OK,NO LINK,NO LINK,2026-09-30T07:31:39+00:00
TC,TCA,Turks and Caicos Islands,Department of Statistics,https://www.gov.tc/stats/,english,,https://www.gov.tc/stats/surveys,Turks and Caicos Financial Services Commission,https://tcifsc.tc/,https://dataportal.gov.tc/,,,12/29/2021,OK,NO LINK,OK,OK,SOURCE VERIFIED,NO LINK,2026-09-30T08:32:59Z
TV,TUV,Tuvalu,Central Statistical Division,https://stats.gov.tv/,english,,https://microdata.pacificdata.org/index.php/catalog/?collection%5B%5D=TUV&page=1,none,,https://pacific-data.sprep.org/,,,12/29/2021,OK,NO LINK,SOURCE VERIFIED,NO LINK,SOURCE VERIFIED,NO LINK,2026-09-30T08:19:16+00:00
VI,VIR,U.S. Virgin Islands,,,,,,Federal Reserve of the United States,https://www.federalreserve.gov/,https://ltg.gov.vi/departments/gis-program/,,,12/29/2021,NO LINK,NO LINK,NO LINK,OK,SOURCE VERIFIED,NO LINK,2026-09-30T08:32:59Z
UG,UGA,Uganda,Bureau of Statistics,https://www.ubos.org/,english,,https://microdata.ubos.org:7070,Bank of Uganda,https://www.bou.or.ug/bou/bouwebsite/BOU-HOME,https://www.ugnsdigeoportal.com/,,,12/29/2021,OK,NO LINK,SOURCE VERIFIED,OK,SOURCE VERIFIED,NO LINK,2026-09-30T08:20:00+00:00
UA,UKR,Ukraine,State Statistics Service,https://ukrstat.org/en,english,,,National Bank of Ukraine,https://bank.gov.ua/en/,https://nsdi.gov.ua/,,,12/29/2021,SECURITY REVIEW,NO LINK,NO LINK,REVIEW,SOURCE VERIFIED,NO LINK,2026-09-30T08:24:11Z
AE,ARE,United Arab Emirates,Dubai Statistics Center,https://www.dsc.gov.ae/en-us/Pages/default.aspx,english,,,Central Bank of the U.A.E.,https://www.centralbank.ae/en,https://u.ae/en/about-the-uae/digital-uae/data/geospatial-data-platforms,,,12/29/2021,REVIEW,NO LINK,NO LINK,UNVERIFIED,SOURCE VERIFIED,NO LINK,2026-09-30T08:31:10Z
GB,GBR,United Kingdom,Office of National Statistics,https://www.ons.gov.uk/,english,,,Bank of England,https://www.bankofengland.co.uk/,https://www.ons.gov.uk/methodology/geography/geographicalproducts/opengeography,,,4/2/2022,OK,NO LINK,NO LINK,OK,SOURCE VERIFIED,NO LINK,2026-09-30T08:23:50Z
US,USA,United States,Various,https://www.bls.gov/bls/other.htm,english,,,Federal Reserve of the United States,https://www.federalreserve.gov/,https://www.geoplatform.gov/,,,12/29/2021,UNVERIFIED,NO LINK,NO LINK,OK,SOURCE VERIFIED,NO LINK,2026-09-30T08:22:22Z
UY,URY,Uruguay,instituto Nacional de Estatística,https://www.ine.gub.uy/,english,,https://www.gub.uy/instituto-nacional-estadistica/datos-y-estadisticas/datos-abiertos,Central Bank of Uruguay,https://www.bcu.gub.uy/Ingles,https://www.gub.uy/infraestructura-datos-espaciales/,,,12/29/2021,REVIEW,NO LINK,OK,UNVERIFIED,SOURCE VERIFIED,NO LINK,2026-09-30T08:19:16+00:00
UZ,UZB,Uzbekistan,The State Committee of the Republic of Uzbekistan on statistics,https://stat.uz/en/,english,,,Central Bank of the Republic of Uzebekistan,https://cbu.uz/en/,https://open.ngis.uz/,,,12/29/2021,OK,NO LINK,NO LINK,OK,SOURCE VERIFIED,NO LINK,2026-09-30T08:31:10Z
VU,VUT,Vanuatu,Vanuatu National Statistics Office,https://vnso.gov.vu/index.php/en/,english,,https://microdata.pacificdata.org/index.php/catalog/?collection%5B%5D=VUT&page=1,Reserve Bank of Vanuatu,https://www.rbv.gov.vu/index.php/en/,https://pacific-data.sprep.org/,,,12/29/2021,OK,NO LINK,SOURCE VERIFIED,UNVERIFIED,SOURCE VERIFIED,NO LINK,2026-09-30T08:19:16+00:00
VA,VAT,Vatican,-,-,,,,,,,,,12/29/2021,NO LINK,NO LINK,NO LINK,NO LINK,NO LINK,NO LINK,
VE,VEN,Venezuela,-,-,,,,Central Bank of Venezuela,http://www.bcv.org.ve/,https://www.igvsb.gob.ve/,,,12/29/2021,NO LINK,NO LINK,NO LINK,OK,SOURCE VERIFIED,NO LINK,2026-09-30T08:24:11Z
VN,VNM,Vietnam,General Statistics Office,https://www.gso.gov.vn/en/homepage/,english,,,State Bank of Vietnam,https://www.sbv.gov.vn/,https://dosm.vnsdi.gov.vn/,,,12/29/2021,UNVERIFIED,NO LINK,NO LINK,OK,SOURCE VERIFIED,NO LINK,2026-09-30T08:15:07+00:00
WF,WLF,Wallis and Futuna,Statistics for Development Division,https://sdd.spc.int/wf,english,,https://sdd.spc.int/microdata-library,Banque de France,https://www.banque-france.fr/en/banque-de-france/about-banque-de-france/bank-locations/mayotte-en,https://www.wallis-et-futuna.gouv.fr/Actualites/Plateforme-SIG-Un-outil-strategique-pour-le-developpement-de-Wallis-et-Futuna,,,12/29/2021,OK,NO LINK,OK,BROKEN (HTTP 404),SOURCE VERIFIED,NO LINK,2026-09-30T08:32:59Z
EH,ESH,Western Sahara,-,,,,,Central Reserve Authority of Western Sahara,https://crasadr.com/,,,,12/29/2021,NO LINK,NO LINK,NO LINK,OK,NO LINK,NO LINK,2026-09-30T07:30:49+00:00
YE,YEM,Yemen,Central Statistical Organization,http://www.cso-yemen.com/content.php?do=pcat&cid=1,english; arabic,,,Central Bank of Yemen,http://centralbank.gov.ye/,https://cso-ye.org/مركز-نظم-المعلومات-الجغرافية/,,,12/29/2021,UNVERIFIED,NO LINK,NO LINK,UNVERIFIED,SOURCE VERIFIED,NO LINK,2026-09-30T08:36:09Z
ZM,ZMB,Zambia,Zambia Statistics Agency,https://www.zamstats.gov.zm/,english,,https://nada.zamstats.gov.zm/index.php/home,Bank of Zambia,https://www.boz.zm/,https://znsdi.szi.gov.zm/,,,12/29/2021,OK,NO LINK,SOURCE VERIFIED,OK,SOURCE VERIFIED,NO LINK,2026-09-30T08:15:07+00:00
ZW,ZWE,Zimbabwe,Zimbabwe National Statistics Agency,https://www.zimstat.co.zw/,english,,http://nada.zimstat.co.zw/nada/index.php/catalog,Reserve Bank of Zimbabwe,https://www.rbz.co.zw/,https://zimgeoportal.org.zw/,,,12/29/2021,OK,NO LINK,UNVERIFIED,OK,SOURCE VERIFIED,NO LINK,2026-09-30T08:20:00+00:00
